claim_id,claim,validation_type,status,evidence,notes,confidence
C001,"La historia reporta 452 millones de tokens de entrada, 3.1 millones de tokens de salida y 17,189 solicitudes.",consistencia_interna,validado_con_la_evidencia_proporcionada_por_usuario,Imagen e historia de usuario proporcionadas en la conversación.,No valida contra dashboard real; solo contra captura/texto proporcionado.,0.95
C002,El costo reportado de $22.81 USD es aritméticamente plausible si la mayoría de los tokens de entrada entraron por cache.,calculo_condicional,plausible,"Con tarifas supuestas DeepSeek cache_hit=0.028/M, cache_miss=0.28/M, output=0.42/M, el cache hit implícito para $22.81 es 92.2285%.","La historia menciona 91%; con estas tarifas, 91% da aproximadamente $24.20, por lo que $22.81 exigiría ~92.23% o tarifas/mezcla de modelos distinta.",0.82
C003,"El promedio de tokens por solicitud fue extremadamente cargado hacia entrada, no hacia salida.",calculo_directo,validado,Entrada promedio=26295.89 tokens/solicitud; salida promedio=180.35 tokens/solicitud; ratio input/output=145.81:1.,"El patrón es compatible con prompts largos, instrucciones repetidas, contexto amplio o historial cargado en cada llamada.",0.98
C004,La comparación contra GPT-4o mini de alrededor de $69.64 es coherente bajo precios supuestos de $0.15/M input y $0.60/M output.,calculo_condicional,coherente_bajo_supuestos,452*0.15 + 3.1*0.60 = $69.66.,Debe revalidarse contra página oficial de precios vigente antes de usarlo como cifra final.,0.86
C005,"La comparación contra Claude Sonnet de alrededor de $1,402 es coherente bajo precios supuestos de $3/M input y $15/M output.",calculo_condicional,coherente_bajo_supuestos,452*3 + 3.1*15 = $1402.50.,"Debe revalidarse contra precios vigentes. No aplica descuentos, batch ni cache.",0.86
C006,La cifra de Claude Haiku 4.5 mostrada como ~$467.36 es potencialmente inconsistente si se usan precios alternativos de $0.50/M input y $2.50/M output.,revision_critica,requiere_revalidacion,"Con $0.50/M input y $2.50/M output, el costo sería $233.75, no $467.36.",No afirmar error definitivo sin consultar precios oficiales vigentes y modelo exacto; marcar como punto de auditoría.,0.68
C007,"Cachear instrucciones, contexto y plantillas repetidas puede reducir fuertemente el costo cuando el proveedor cobra menos por input cacheado.",principio_arquitectonico,validado_por_modelo_de_costos,"Costo_input = T_cache*P_cache + T_miss*P_miss. Si P_miss >> P_cache, elevar cache hit ratio reduce el costo total.","La magnitud exacta depende de proveedor, modelo, longitud de prefijo estable y política de cache.",0.95
C008,Un loop entre agentes puede quemar presupuesto rápidamente.,modelo_de_riesgo,validado_con_modelo_operativo,"Costo_loop = n*(T_in*P_in + T_out*P_out). Si n crece sin límite por bridges/agentes, el costo aumenta linealmente con los turnos.",No se valida el monto específico de $10 sin logs reales; sí se valida el riesgo estructural.,0.93
C009,El contador de turnos entre agentes es necesario pero insuficiente.,analisis_de_control,validado,"Debe complementarse con origin_agent_id, hop_count, TTL, deduplicación por hash e idempotencia de eventos.",En bridges multi-plataforma se requiere rastrear origen y evitar reinyectar mensajes generados por agentes.,0.94
C010,"El límite de gasto debe existir en el middleware propio, no solo en el proveedor.",analisis_de_riesgo,validado,"Los proveedores pueden implementar alertas, cuotas o límites con distinta semántica. Un hard-stop propio permite control local inmediato.","Implementar budget por agente, por proyecto, por día y por conversación.",0.91
C011,"El uso de modelos baratos para clasificación, extracción y routing es adecuado.",principio_de_asignacion_de_modelos,validado,Tareas de baja complejidad no requieren modelos frontier; conviene enrutar por complejidad y riesgo.,Debe medirse exactitud por tarea para evitar falsa economía.,0.9
C012,"Vigilar el ratio input/output ayuda a detectar bugs, contexto inflado y loops.",telemetria_operativa,validado,"En la historia, input/output ≈ 145.81:1. Un cambio abrupto en este ratio puede indicar alteración del flujo.","Debe combinarse con tokens/minuto, costo/minuto, requests/minuto y duplicados por hash.",0.96
C013,El stack local Tezkatli + Orange Pi puede funcionar como firewall económico y epistémico antes de delegar a APIs externas.,inferencia_arquitectonica,validado_como_propuesta_tecnica,"Tezkatli puede ejecutar RAG/modelos locales; Orange Pi puede operar monitoreo, MQTT, watchdog y tareas persistentes edge.","Debe comprobarse con benchmark local de latencia, consumo y precisión.",0.86
C014,La historia no constituye benchmark académico completo.,criterio_metodologico,validado,"No hay acceso a logs, configuración exacta, modelo exacto, política de cache, prompts ni facturación verificable.",Usar como caso motivacional; no como evidencia concluyente de superioridad de proveedor.,0.98
